{
    "capture": -486.40000000004204,
    "barrier": 1597.5999999996425,
    "protect": 231.79999999999112,
    "home_board": 5594.300000002821,
    "bear_off": 1831.6999999994296,
    "advance": 0.5
}